{"_timestamp":1.7302649066244988e+09,"_runtime":108.342236,"_step":19,"Train RMSE":1.4500352929035822,"Valid RMSE":2.3555277864138287,"Valid MAE":1.7822278181711833,"_wandb":{"runtime":108},"Valid MSE":5.5522303263346355}