{"_step":19,"Train RMSE":1.4500352929035822,"Valid RMSE":2.3555277864138287,"Valid MAE":1.7822278181711833,"Valid MSE":5.5522303263346355,"_timestamp":1.730265631942323e+09,"_wandb":{"runtime":115},"_runtime":115.397032}